{
  "39619_BALDI_Benedetta": {
    "bc": {
      "articles": {
        "2101296301_+_2085297150": 1,
        "2101296301_+_2167799078": 1,
        "2101296301_+_2247198394": 1,
        "2101296301_+_2477185311": 1,
        "2549212646_+_1149299564": 2,
        "2549212646_+_1482438246": 1,
        "2549212646_+_1486138975": 1,
        "2549212646_+_1494066873": 1,
        "2549212646_+_156312967": 1,
        "2549212646_+_183952579": 3,
        "2549212646_+_1894854907": 1,
        "2549212646_+_2005938383": 1,
        "2549212646_+_2008514911": 1,
        "2549212646_+_2019273563": 1,
        "2549212646_+_2030878599": 1,
        "2549212646_+_2033437306": 1,
        "2549212646_+_2068822147": 1,
        "2549212646_+_2073946513": 1,
        "2549212646_+_2086311013": 1,
        "2549212646_+_2130370251": 1,
        "2549212646_+_2160335023": 1,
        "2549212646_+_2173426087": 1,
        "2549212646_+_2176195928": 1,
        "2549212646_+_2185994721": 1,
        "2549212646_+_2271447392": 2,
        "2549212646_+_2282328272": 1,
        "2549212646_+_2290254675": 1,
        "2549212646_+_2291968027": 1,
        "2549212646_+_2344408881": 1,
        "2549212646_+_2554963115": 2,
        "2549212646_+_2759829117": 1,
        "2549212646_+_395142559": 1,
        "2549212646_+_396842771": 2
      },
      "number": 6
    },
    "cand_nodes": 32,
    "cand_paths": {
      "1": [
        [
          "2549212646",
          "2554963115"
        ],
        [
          "2549212646",
          "2562978194"
        ]
      ],
      "2": [
        [
          "2549212646",
          "2008514911"
        ],
        [
          "2549212646",
          "1149299564"
        ],
        [
          "2549212646",
          "2086311013"
        ],
        [
          "2549212646",
          "2033437306"
        ],
        [
          "2549212646",
          "2797827555"
        ],
        [
          "2549212646",
          "2482275273"
        ]
      ],
      "3": [
        [
          "2549212646",
          "567025414"
        ],
        [
          "2549212646",
          "2014448405"
        ],
        [
          "2549212646",
          "2266767602"
        ],
        [
          "2549212646",
          "1549389553"
        ],
        [
          "2549212646",
          "27365366"
        ],
        [
          "2549212646",
          "396842771"
        ],
        [
          "2549212646",
          "2212749306"
        ],
        [
          "2549212646",
          "2324442719"
        ],
        [
          "2549212646",
          "1986977038"
        ],
        [
          "2549212646",
          "1607977397"
        ],
        [
          "2549212646",
          "2173426087"
        ],
        [
          "2549212646",
          "2548030042"
        ],
        [
          "2549212646",
          "2786773022"
        ],
        [
          "2549212646",
          "2095854161"
        ],
        [
          "2549212646",
          "2130370251"
        ],
        [
          "2549212646",
          "2479843270"
        ],
        [
          "2549212646",
          "2496070244"
        ],
        [
          "2549212646",
          "2793749552"
        ],
        [
          "2549212646",
          "2482794904"
        ],
        [
          "2549212646",
          "1005282986"
        ],
        [
          "2549212646",
          "1494066873"
        ],
        [
          "2549212646",
          "2787871549"
        ],
        [
          "2549212646",
          "1601901790"
        ],
        [
          "2549212646",
          "2039405732"
        ]
      ],
      "4": [
        [
          "2549212646",
          "2207778397"
        ],
        [
          "2549212646",
          "369185417"
        ],
        [
          "2549212646",
          "2001375544"
        ],
        [
          "2549212646",
          "2255884971"
        ],
        [
          "2549212646",
          "2579316259"
        ],
        [
          "2549212646",
          "2176195928"
        ],
        [
          "2549212646",
          "2271447392"
        ],
        [
          "2549212646",
          "2489090786"
        ],
        [
          "2549212646",
          "313426785"
        ],
        [
          "2549212646",
          "2500145544"
        ],
        [
          "2549212646",
          "3000560144"
        ],
        [
          "2549212646",
          "2786384607"
        ],
        [
          "2549212646",
          "2476027629"
        ],
        [
          "2549212646",
          "1593900984"
        ],
        [
          "2549212646",
          "70023012"
        ]
      ],
      "5": [
        [
          "2549212646",
          "2276873348"
        ],
        [
          "2549212646",
          "2268186577"
        ],
        [
          "2549212646",
          "2290254675"
        ],
        [
          "2549212646",
          "2266555646"
        ],
        [
          "2549212646",
          "2478422484"
        ],
        [
          "2549212646",
          "75249453"
        ],
        [
          "2549212646",
          "2237091696"
        ],
        [
          "2549212646",
          "2253810526"
        ],
        [
          "2549212646",
          "2522691279"
        ],
        [
          "2549212646",
          "2023334777"
        ],
        [
          "2549212646",
          "572870755"
        ],
        [
          "2549212646",
          "2083555120"
        ],
        [
          "2549212646",
          "2271767358"
        ]
      ],
      "6": [
        [
          "2549212646",
          "1641828149"
        ],
        [
          "2549212646",
          "2278412193"
        ],
        [
          "2549212646",
          "1608645706"
        ]
      ]
    },
    "cc": {
      "articles": {
        "2549212646_+_2001375544": 1,
        "2549212646_+_2510111111": 1
      },
      "number": 1
    },
    "co-au": {
      "articles": [
        "2740296230",
        "2922907727",
        "2950720744"
      ],
      "number": 3
    },
    "comm_nodes": 510,
    "comm_paths": {},
    "other": {
      "cand_other": 85,
      "comm_other": 3885,
      "other_cand": 4,
      "other_comm": 2169
    },
    "other_nodes": 4215
  },
  "41182_CRISTOFARO_Sonia": {
    "bc": {
      "articles": {
        "2317624599_+_2073946513": 1,
        "2497604812_+_183952579": 1,
        "2497604812_+_2173426087": 1
      },
      "number": 3
    },
    "cand_nodes": 30,
    "cand_paths": {
      "2": [
        [
          "2095740414",
          "1641828149"
        ]
      ],
      "3": [
        [
          "2486793923",
          "1641828149"
        ],
        [
          "2092470210",
          "1641828149"
        ]
      ],
      "4": [
        [
          "2539576826",
          "1641828149"
        ]
      ]
    },
    "cc": {
      "articles": {
        "2092470210_+_2554963115": 1
      },
      "number": 1
    },
    "co-au": {
      "articles": [],
      "number": 0
    },
    "comm_nodes": 510,
    "comm_paths": {},
    "other": {
      "cand_other": 172,
      "comm_other": 3885,
      "other_cand": 124,
      "other_comm": 2171
    },
    "other_nodes": 4392
  },
  "41938_GUARDIANO_Cristina": {
    "bc": {
      "articles": {
        "1957937023_+_1149299564": 1,
        "1957937023_+_1608645706": 1,
        "1957937023_+_183952579": 1,
        "1957937023_+_1894854907": 1,
        "1957937023_+_1966642720": 3,
        "1957937023_+_1996825865": 1,
        "1957937023_+_2005938383": 2,
        "1957937023_+_2019273563": 1,
        "1957937023_+_2023334777": 1,
        "1957937023_+_2033437306": 1,
        "1957937023_+_203902812": 1,
        "1957937023_+_2066713182": 1,
        "1957937023_+_207546867": 1,
        "1957937023_+_2086311013": 1,
        "1957937023_+_2103528847": 1,
        "1957937023_+_2106234633": 1,
        "1957937023_+_2130370251": 2,
        "1957937023_+_2136528656": 1,
        "1957937023_+_2160810898": 1,
        "1957937023_+_2176195928": 1,
        "1957937023_+_2185994721": 1,
        "1957937023_+_2303161626": 3,
        "1957937023_+_2759829117": 1,
        "1957937023_+_313426785": 1,
        "1957937023_+_395142559": 1,
        "1957937023_+_396842771": 6,
        "1968391354_+_1149299564": 1,
        "1968391354_+_1608645706": 1,
        "1968391354_+_183952579": 1,
        "1968391354_+_1894854907": 1,
        "1968391354_+_1966642720": 1,
        "1968391354_+_1996825865": 1,
        "1968391354_+_2019273563": 1,
        "1968391354_+_2023334777": 1,
        "1968391354_+_2033437306": 1,
        "1968391354_+_203902812": 1,
        "1968391354_+_2086311013": 1,
        "1968391354_+_2103528847": 1,
        "1968391354_+_2106234633": 1,
        "1968391354_+_2130370251": 1,
        "1968391354_+_2136528656": 1,
        "1968391354_+_2176195928": 1,
        "1968391354_+_2185994721": 1,
        "1968391354_+_2303161626": 1,
        "1968391354_+_2759829117": 1,
        "1968391354_+_313426785": 1,
        "1968391354_+_395142559": 1,
        "1968391354_+_396842771": 2,
        "1969687972_+_1149299564": 1,
        "1969687972_+_1608645706": 1,
        "1969687972_+_183952579": 1,
        "1969687972_+_1894854907": 1,
        "1969687972_+_1966642720": 1,
        "1969687972_+_1996825865": 1,
        "1969687972_+_2019273563": 3,
        "1969687972_+_2023334777": 1,
        "1969687972_+_2033437306": 2,
        "1969687972_+_203902812": 1,
        "1969687972_+_2043881201": 1,
        "1969687972_+_207546867": 1,
        "1969687972_+_2086311013": 1,
        "1969687972_+_2103528847": 1,
        "1969687972_+_2106234633": 1,
        "1969687972_+_2126755207": 1,
        "1969687972_+_2130370251": 1,
        "1969687972_+_2136528656": 1,
        "1969687972_+_2176195928": 2,
        "1969687972_+_2185994721": 1,
        "1969687972_+_2271943579": 1,
        "1969687972_+_2282328272": 1,
        "1969687972_+_2303161626": 1,
        "1969687972_+_2477185311": 1,
        "1969687972_+_2759829117": 1,
        "1969687972_+_313426785": 1,
        "1969687972_+_395142559": 1,
        "1969687972_+_396842771": 6,
        "1983801040_+_1149299564": 2,
        "1983801040_+_1482438246": 1,
        "1983801040_+_1486138975": 1,
        "1983801040_+_1494066873": 1,
        "1983801040_+_156312967": 1,
        "1983801040_+_1608645706": 1,
        "1983801040_+_183952579": 3,
        "1983801040_+_1894854907": 2,
        "1983801040_+_1966642720": 1,
        "1983801040_+_1996825865": 1,
        "1983801040_+_2005938383": 5,
        "1983801040_+_2008514911": 1,
        "1983801040_+_2019273563": 2,
        "1983801040_+_2023334777": 2,
        "1983801040_+_2030878599": 1,
        "1983801040_+_2033437306": 2,
        "1983801040_+_203902812": 1,
        "1983801040_+_2066713182": 1,
        "1983801040_+_2068822147": 1,
        "1983801040_+_2073946513": 1,
        "1983801040_+_207546867": 1,
        "1983801040_+_2081409643": 1,
        "1983801040_+_2086311013": 2,
        "1983801040_+_2103528847": 1,
        "1983801040_+_2106234633": 1,
        "1983801040_+_2130370251": 4,
        "1983801040_+_2136528656": 1,
        "1983801040_+_2160335023": 1,
        "1983801040_+_2173426087": 1,
        "1983801040_+_2176195928": 2,
        "1983801040_+_2185994721": 2,
        "1983801040_+_2271447392": 1,
        "1983801040_+_2290254675": 1,
        "1983801040_+_2291968027": 1,
        "1983801040_+_2303161626": 2,
        "1983801040_+_2344408881": 1,
        "1983801040_+_2759829117": 2,
        "1983801040_+_313426785": 1,
        "1983801040_+_395142559": 2,
        "1983801040_+_396842771": 7,
        "2298725482_+_1149299564": 1,
        "2298725482_+_1608645706": 1,
        "2298725482_+_183952579": 1,
        "2298725482_+_1894854907": 1,
        "2298725482_+_1966642720": 1,
        "2298725482_+_1996825865": 1,
        "2298725482_+_2019273563": 1,
        "2298725482_+_2023334777": 1,
        "2298725482_+_2033437306": 1,
        "2298725482_+_203902812": 1,
        "2298725482_+_2086311013": 1,
        "2298725482_+_2103528847": 1,
        "2298725482_+_2106234633": 1,
        "2298725482_+_2130370251": 1,
        "2298725482_+_2136528656": 1,
        "2298725482_+_2176195928": 1,
        "2298725482_+_2185994721": 1,
        "2298725482_+_2282328272": 1,
        "2298725482_+_2303161626": 1,
        "2298725482_+_2554963115": 1,
        "2298725482_+_2759829117": 1,
        "2298725482_+_313426785": 1,
        "2298725482_+_395142559": 1,
        "2298725482_+_396842771": 3,
        "2337639660_+_1149299564": 1,
        "2337639660_+_1548676430": 1,
        "2337639660_+_1608645706": 1,
        "2337639660_+_183952579": 1,
        "2337639660_+_1894854907": 1,
        "2337639660_+_1966642720": 2,
        "2337639660_+_1996825865": 1,
        "2337639660_+_2005938383": 1,
        "2337639660_+_2019273563": 3,
        "2337639660_+_2023334777": 1,
        "2337639660_+_2033437306": 1,
        "2337639660_+_203902812": 1,
        "2337639660_+_2043881201": 1,
        "2337639660_+_2086311013": 1,
        "2337639660_+_2103528847": 2,
        "2337639660_+_2106234633": 1,
        "2337639660_+_2130370251": 1,
        "2337639660_+_2136528656": 1,
        "2337639660_+_2176195928": 2,
        "2337639660_+_2185994721": 1,
        "2337639660_+_2303161626": 2,
        "2337639660_+_2554963115": 1,
        "2337639660_+_2759829117": 1,
        "2337639660_+_313426785": 1,
        "2337639660_+_395142559": 1,
        "2337639660_+_396842771": 4,
        "2776034673_+_1149299564": 1,
        "2776034673_+_1486138975": 1,
        "2776034673_+_1608645706": 1,
        "2776034673_+_183952579": 1,
        "2776034673_+_1894854907": 1,
        "2776034673_+_1966642720": 2,
        "2776034673_+_1996825865": 1,
        "2776034673_+_2019273563": 1,
        "2776034673_+_2023334777": 1,
        "2776034673_+_2033437306": 1,
        "2776034673_+_203902812": 1,
        "2776034673_+_2066713182": 1,
        "2776034673_+_207546867": 1,
        "2776034673_+_2086311013": 1,
        "2776034673_+_2103528847": 1,
        "2776034673_+_2106234633": 1,
        "2776034673_+_2130370251": 1,
        "2776034673_+_2136528656": 1,
        "2776034673_+_2176195928": 1,
        "2776034673_+_2185994721": 1,
        "2776034673_+_2303161626": 1,
        "2776034673_+_2759829117": 1,
        "2776034673_+_313426785": 1,
        "2776034673_+_395142559": 1,
        "2776034673_+_396842771": 2,
        "2794186227_+_1149299564": 1,
        "2794186227_+_1482438246": 1,
        "2794186227_+_1486138975": 2,
        "2794186227_+_1494066873": 1,
        "2794186227_+_156312967": 1,
        "2794186227_+_183952579": 1,
        "2794186227_+_1894854907": 1,
        "2794186227_+_1966642720": 1,
        "2794186227_+_2005938383": 1,
        "2794186227_+_2008514911": 1,
        "2794186227_+_2019273563": 1,
        "2794186227_+_2030878599": 1,
        "2794186227_+_2033437306": 1,
        "2794186227_+_2068822147": 1,
        "2794186227_+_2073946513": 1,
        "2794186227_+_2086311013": 1,
        "2794186227_+_2130370251": 1,
        "2794186227_+_2160335023": 1,
        "2794186227_+_2173426087": 1,
        "2794186227_+_2176195928": 1,
        "2794186227_+_2185994721": 1,
        "2794186227_+_2271447392": 1,
        "2794186227_+_2290254675": 1,
        "2794186227_+_2291968027": 1,
        "2794186227_+_2303161626": 1,
        "2794186227_+_2344408881": 1,
        "2794186227_+_2759829117": 1,
        "2794186227_+_395142559": 1,
        "2794186227_+_396842771": 2,
        "2936733648_+_1966642720": 1,
        "2936733648_+_2005938383": 1,
        "2944725644_+_396842771": 1
      },
      "number": 28
    },
    "cand_nodes": 130,
    "cand_paths": {},
    "cc": {
      "articles": {
        "1983801040_+_2268624814": 1,
        "1983801040_+_2579316259": 1,
        "2594960571_+_2086311013": 1,
        "2594960571_+_2479955798": 1,
        "2594960571_+_2554963115": 1,
        "2799462372_+_2324442719": 1,
        "2941699795_+_2275773957": 1,
        "2941699795_+_2522691279": 1,
        "2945705544_+_2324442719": 1,
        "44031973_+_1641828149": 1,
        "44031973_+_2207778397": 1,
        "44031973_+_2476027629": 1
      },
      "number": 8
    },
    "co-au": {
      "articles": [],
      "number": 0
    },
    "comm_nodes": 510,
    "comm_paths": {
      "1": [
        [
          "1966642720",
          "1983801040"
        ],
        [
          "1966642720",
          "2604755196"
        ]
      ],
      "2": [
        [
          "2574063221",
          "1983801040"
        ],
        [
          "1966642720",
          "2497855193"
        ],
        [
          "2554963115",
          "2604755196"
        ],
        [
          "1149299564",
          "2604755196"
        ],
        [
          "2271447392",
          "2604755196"
        ]
      ],
      "3": [
        [
          "2575918869",
          "1983801040"
        ],
        [
          "2574063221",
          "2497855193"
        ],
        [
          "1966642720",
          "44031973"
        ],
        [
          "1966642720",
          "2941699795"
        ],
        [
          "2173426087",
          "2604755196"
        ]
      ],
      "4": [
        [
          "2575918869",
          "2497855193"
        ],
        [
          "2574063221",
          "44031973"
        ],
        [
          "2574063221",
          "2941699795"
        ]
      ],
      "5": [
        [
          "2575918869",
          "44031973"
        ],
        [
          "2575918869",
          "2941699795"
        ]
      ]
    },
    "other": {
      "cand_other": 329,
      "comm_other": 3883,
      "other_cand": 166,
      "other_comm": 2171
    },
    "other_nodes": 4478
  },
  "42153_BELLUSCIO_Giovanni": {
    "bc": {
      "articles": {},
      "number": 0
    },
    "cand_nodes": 9,
    "cand_paths": {},
    "cc": {
      "articles": {},
      "number": 0
    },
    "co-au": {
      "articles": [],
      "number": 0
    },
    "comm_nodes": 510,
    "comm_paths": {},
    "other": {
      "cand_other": 0,
      "comm_other": 3885,
      "other_cand": 0,
      "other_comm": 2171
    },
    "other_nodes": 4135
  },
  "43194_GOBBO_Federico": {
    "bc": {
      "articles": {},
      "number": 0
    },
    "cand_nodes": 101,
    "cand_paths": {},
    "cc": {
      "articles": {},
      "number": 0
    },
    "co-au": {
      "articles": [],
      "number": 0
    },
    "comm_nodes": 510,
    "comm_paths": {},
    "other": {
      "cand_other": 451,
      "comm_other": 3885,
      "other_cand": 82,
      "other_comm": 2171
    },
    "other_nodes": 4583
  },
  "43801_ROMITO_Luciano": {
    "bc": {
      "articles": {},
      "number": 0
    },
    "cand_nodes": 18,
    "cand_paths": {},
    "cc": {
      "articles": {},
      "number": 0
    },
    "co-au": {
      "articles": [],
      "number": 0
    },
    "comm_nodes": 510,
    "comm_paths": {},
    "other": {
      "cand_other": 9,
      "comm_other": 3885,
      "other_cand": 2,
      "other_comm": 2171
    },
    "other_nodes": 4146
  },
  "45433_ROMAGNO_Domenica": {
    "bc": {
      "articles": {
        "2065985758_+_2019273563": 1,
        "2065985758_+_2030878599": 1,
        "2065985758_+_2033437306": 2,
        "2065985758_+_2069278320": 2,
        "2065985758_+_2282328272": 2,
        "2065985758_+_396842771": 2,
        "2065985758_+_70023012": 1,
        "2164869707_+_183952579": 1,
        "2292541440_+_1005282986": 1,
        "2292541440_+_1149299564": 2,
        "2292541440_+_1482438246": 1,
        "2292541440_+_1608645706": 1,
        "2292541440_+_183952579": 2,
        "2292541440_+_1894854907": 1,
        "2292541440_+_1996825865": 1,
        "2292541440_+_2019273563": 1,
        "2292541440_+_2023334777": 3,
        "2292541440_+_2033437306": 3,
        "2292541440_+_203902812": 1,
        "2292541440_+_2069278320": 3,
        "2292541440_+_2081409643": 2,
        "2292541440_+_2086311013": 1,
        "2292541440_+_2103528847": 1,
        "2292541440_+_2106234633": 1,
        "2292541440_+_2130370251": 2,
        "2292541440_+_2136528656": 1,
        "2292541440_+_2151386710": 1,
        "2292541440_+_2176195928": 1,
        "2292541440_+_2185994721": 1,
        "2292541440_+_2303161626": 1,
        "2292541440_+_2759829117": 1,
        "2292541440_+_2797827555": 1,
        "2292541440_+_313426785": 1,
        "2292541440_+_395142559": 1,
        "2292541440_+_396842771": 3,
        "2292541440_+_70023012": 1
      },
      "number": 14
    },
    "cand_nodes": 33,
    "cand_paths": {
      "2": [
        [
          "2065985758",
          "395142559"
        ],
        [
          "2065985758",
          "2103528847"
        ],
        [
          "2164869707",
          "395142559"
        ],
        [
          "2164869707",
          "2103528847"
        ]
      ],
      "3": [
        [
          "2065985758",
          "1565604283"
        ],
        [
          "2164869707",
          "1565604283"
        ]
      ],
      "4": [
        [
          "2065985758",
          "2306784411"
        ],
        [
          "2164869707",
          "2306784411"
        ]
      ]
    },
    "cc": {
      "articles": {
        "1855084211_+_2302183861": 1,
        "2311166821_+_2302183861": 1,
        "23500495_+_2302183861": 1,
        "2530533120_+_1593900984": 1,
        "342603846_+_2302183861": 1,
        "89160650_+_2302183861": 1
      },
      "number": 2
    },
    "co-au": {
      "articles": [],
      "number": 0
    },
    "comm_nodes": 510,
    "comm_paths": {},
    "other": {
      "cand_other": 142,
      "comm_other": 3885,
      "other_cand": 56,
      "other_comm": 2171
    },
    "other_nodes": 4272
  },
  "46209_LURAGHI_Silvia": {
    "bc": {
      "articles": {
        "1997624895_+_183952579": 1,
        "2009677987_+_2173426087": 1,
        "2009677987_+_2271447392": 1,
        "2011278738_+_2005938383": 1,
        "2020955529_+_396842771": 1,
        "2479879083_+_1149299564": 1,
        "2491919027_+_1149299564": 1,
        "2607301637_+_183952579": 1,
        "2607301637_+_2005938383": 1,
        "2607301637_+_396842771": 1,
        "2742339526_+_1149299564": 2,
        "890140929_+_2271447392": 2
      },
      "number": 11
    },
    "cand_nodes": 83,
    "cand_paths": {},
    "cc": {
      "articles": {
        "10.1075/tsl.30.13lur_+_10.1093/acprof:oso/9780199660247.001.0001": 1,
        "2489980038_+_1149299564": 1,
        "2489980038_+_1986977038": 1,
        "2489980038_+_2173426087": 1,
        "2489980038_+_2587855658": 1,
        "597568867_+_2173426087": 1,
        "597568867_+_396842771": 1
      },
      "number": 3
    },
    "co-au": {
      "articles": [],
      "number": 0
    },
    "comm_nodes": 510,
    "comm_paths": {
      "2": [
        [
          "396842771",
          "967102430"
        ],
        [
          "2551148636",
          "967102430"
        ],
        [
          "1149299564",
          "967102430"
        ]
      ],
      "3": [
        [
          "2554963115",
          "967102430"
        ],
        [
          "2797827555",
          "967102430"
        ],
        [
          "2173426087",
          "967102430"
        ]
      ]
    },
    "other": {
      "cand_other": 337,
      "comm_other": 3885,
      "other_cand": 351,
      "other_comm": 2171
    },
    "other_nodes": 4679
  },
  "50024_VITI_Carlotta": {
    "bc": {
      "articles": {
        "114035577_+_1149299564": 2,
        "114035577_+_183952579": 1,
        "114035577_+_2173426087": 1,
        "114035577_+_2797827555": 1,
        "114035577_+_396842771": 1,
        "2289700374_+_2160335023": 1,
        "2327471318_+_183952579": 1,
        "2501141893_+_1966642720": 1,
        "2732607480_+_2160810898": 1,
        "2781442519_+_2544519117": 1,
        "2781442519_+_2554963115": 1
      },
      "number": 7
    },
    "cand_nodes": 42,
    "cand_paths": {},
    "cc": {
      "articles": {
        "2281748224_+_2302183861": 1,
        "594140965_+_2302183861": 1,
        "846749883_+_2302183861": 1
      },
      "number": 1
    },
    "co-au": {
      "articles": [],
      "number": 0
    },
    "comm_nodes": 510,
    "comm_paths": {},
    "other": {
      "cand_other": 429,
      "comm_other": 3885,
      "other_cand": 64,
      "other_comm": 2171
    },
    "other_nodes": 4560
  },
  "50095_CALAMAI_Silvia": {
    "bc": {
      "articles": {},
      "number": 0
    },
    "cand_nodes": 55,
    "cand_paths": {},
    "cc": {
      "articles": {},
      "number": 0
    },
    "co-au": {
      "articles": [],
      "number": 0
    },
    "comm_nodes": 510,
    "comm_paths": {},
    "other": {
      "cand_other": 155,
      "comm_other": 3885,
      "other_cand": 48,
      "other_comm": 2171
    },
    "other_nodes": 4327
  },
  "50325_MILIZIA_Paolo": {
    "bc": {
      "articles": {
        "2133935414_+_2073946513": 1,
        "2133935414_+_2160810898": 1
      },
      "number": 2
    },
    "cand_nodes": 15,
    "cand_paths": {},
    "cc": {
      "articles": {
        "251990357_+_2302183861": 1
      },
      "number": 1
    },
    "co-au": {
      "articles": [],
      "number": 0
    },
    "comm_nodes": 510,
    "comm_paths": {},
    "other": {
      "cand_other": 25,
      "comm_other": 3885,
      "other_cand": 5,
      "other_comm": 2171
    },
    "other_nodes": 4162
  }
}