{
  "52949_MACCI_Claudio": {
    "bc": {
      "articles": {
        "1489701827_+_1978405907": 1,
        "1966016985_+_1978982237": 1,
        "1994484497_+_2086245247": 1,
        "1994484497_+_32713153": 1,
        "2036320715_+_2048606650": 1,
        "2053952411_+_2111288576": 1,
        "2053952411_+_2181514293": 1,
        "2083739362_+_1978405907": 1,
        "2581154854_+_2043281120": 1,
        "2761248189_+_1978982237": 1
      },
      "number": 7
    },
    "cand_nodes": 91,
    "cand_paths": {},
    "cc": {
      "articles": {},
      "number": 0
    },
    "co-au": {
      "articles": [],
      "number": 0
    },
    "comm_nodes": 307,
    "comm_paths": {},
    "other": {
      "cand_other": 1790,
      "comm_other": 3466,
      "other_cand": 486,
      "other_comm": 1070
    },
    "other_nodes": 4709
  },
  "54431_BUSCEMA_Paolo_Massimo": {
    "bc": {
      "articles": {
        "1022768046_+_1978982237": 1,
        "1022768046_+_54660018": 1,
        "1915237052_+_2433587223": 1,
        "1968488453_+_1978982237": 1,
        "1968488453_+_54660018": 1,
        "2009849689_+_1588153103": 1,
        "2009849689_+_1978982237": 1,
        "2009849689_+_2216555879": 1,
        "2009849689_+_54660018": 1,
        "2036087233_+_1978982237": 1,
        "2085785814_+_1978982237": 1,
        "2093933815_+_1978982237": 1,
        "2093933815_+_54660018": 1,
        "2097423509_+_1978982237": 1,
        "2101322419_+_1978982237": 1,
        "2101322419_+_54660018": 1,
        "2103377988_+_1978982237": 1,
        "2120627681_+_1978982237": 1,
        "2120627681_+_2112644850": 1,
        "2120627681_+_54660018": 1,
        "2149568862_+_1978982237": 1,
        "2149568862_+_54660018": 1,
        "2235303561_+_1978982237": 1,
        "2235303561_+_54660018": 1,
        "82665250_+_1735077258": 1
      },
      "number": 7
    },
    "cand_nodes": 184,
    "cand_paths": {},
    "cc": {
      "articles": {},
      "number": 0
    },
    "co-au": {
      "articles": [],
      "number": 0
    },
    "comm_nodes": 307,
    "comm_paths": {},
    "other": {
      "cand_other": 4479,
      "comm_other": 3466,
      "other_cand": 1393,
      "other_comm": 1070
    },
    "other_nodes": 7260
  },
  "59343_CORRENTE_Salvatore": {
    "bc": {
      "articles": {
        "2299477407_+_1549110735": 1,
        "2299477407_+_1602985053": 1,
        "2299477407_+_1735077258": 1,
        "2299477407_+_2147044574": 1,
        "2300145792_+_1493105943": 1,
        "2300145792_+_1584392119": 1,
        "2300145792_+_2049318735": 1,
        "2300145792_+_2573800670": 1
      },
      "number": 3
    },
    "cand_nodes": 32,
    "cand_paths": {},
    "cc": {
      "articles": {},
      "number": 0
    },
    "co-au": {
      "articles": [],
      "number": 0
    },
    "comm_nodes": 307,
    "comm_paths": {},
    "other": {
      "cand_other": 1140,
      "comm_other": 3466,
      "other_cand": 461,
      "other_comm": 1070
    },
    "other_nodes": 3919
  }
}