{
  "51541_PALESTINI_Arsen": {
    "bc": {
      "articles": {
        "1481188186_+_1982427383": 2,
        "1481188186_+_2005878741": 2,
        "1481188186_+_2521716783": 2,
        "1481820662_+_2022155489": 1,
        "1481820662_+_2573800670": 1,
        "1499490217_+_2151368982": 1,
        "1605925054_+_1982427383": 1,
        "1605925054_+_2022155489": 1,
        "1605925054_+_2521716783": 1,
        "1845781824_+_2022155489": 2,
        "1845781824_+_2067886613": 1,
        "1972376485_+_1982427383": 1,
        "1972376485_+_2151368982": 3,
        "2033533995_+_2151368982": 1,
        "2048086001_+_1982427383": 1,
        "2048086001_+_2009313082": 1,
        "2048086001_+_2022155489": 1,
        "2048086001_+_2090000262": 1,
        "2048086001_+_2091955816": 1,
        "2048086001_+_2521716783": 1,
        "2110047239_+_2151368982": 2,
        "2173165262_+_2151368982": 1,
        "2272023362_+_10953624": 2,
        "2272023362_+_1481288610": 1,
        "2272023362_+_1518865967": 1,
        "2272023362_+_1982427383": 1,
        "2272023362_+_1982583140": 2,
        "2272023362_+_1986404925": 2,
        "2272023362_+_2005997141": 2,
        "2272023362_+_2022155489": 1,
        "2272023362_+_2057758830": 2,
        "2272023362_+_2090000262": 3,
        "2272023362_+_2091955816": 3,
        "2272023362_+_2521716783": 1,
        "2272023362_+_2885947036": 2,
        "2498027670_+_1968230821": 1,
        "2498027670_+_2013219970": 1,
        "2498027670_+_2103993320": 1,
        "2606662926_+_2015887571": 1,
        "2606662926_+_2061967931": 1,
        "2752895526_+_2022155489": 1,
        "2752895526_+_2151368982": 1,
        "2752895526_+_2209180336": 1
      },
      "number": 22
    },
    "cand_nodes": 52,
    "cand_paths": {
      "2": [
        [
          "2048086001",
          "2009313082"
        ]
      ],
      "3": [
        [
          "1481188186",
          "2009313082"
        ]
      ]
    },
    "cc": {
      "articles": {},
      "number": 0
    },
    "co-au": {
      "articles": [],
      "number": 0
    },
    "comm_nodes": 307,
    "comm_paths": {},
    "other": {
      "cand_other": 1013,
      "comm_other": 3466,
      "other_cand": 0,
      "other_comm": 1070
    },
    "other_nodes": 3889
  },
  "51672_BACCARIN_Stefano": {
    "bc": {
      "articles": {
        "1975156814_+_2010532659": 1,
        "1975156814_+_2048606650": 2,
        "2030941333_+_2048606650": 3,
        "2230088248_+_2048606650": 1,
        "324630060_+_2048606650": 2
      },
      "number": 6
    },
    "cand_nodes": 9,
    "cand_paths": {},
    "cc": {
      "articles": {},
      "number": 0
    },
    "co-au": {
      "articles": [],
      "number": 0
    },
    "comm_nodes": 307,
    "comm_paths": {
      "1": [
        [
          "2010532659",
          "2098537222"
        ]
      ],
      "2": [
        [
          "2010532659",
          "2030941333"
        ]
      ],
      "3": [
        [
          "2010532659",
          "2036635507"
        ],
        [
          "2010532659",
          "2010208380"
        ]
      ]
    },
    "other": {
      "cand_other": 157,
      "comm_other": 3465,
      "other_cand": 0,
      "other_comm": 1070
    },
    "other_nodes": 3195
  },
  "54913_SANTOS_ARTEAGA_Francisco_Javier": {
    "bc": {
      "articles": {
        "2765681673_+_1999684558": 1,
        "2765681673_+_2138816696": 1
      },
      "number": 1
    },
    "cand_nodes": 46,
    "cand_paths": {},
    "cc": {
      "articles": {},
      "number": 0
    },
    "co-au": {
      "articles": [],
      "number": 0
    },
    "comm_nodes": 307,
    "comm_paths": {},
    "other": {
      "cand_other": 282,
      "comm_other": 3466,
      "other_cand": 0,
      "other_comm": 1070
    },
    "other_nodes": 3374
  },
  "59549_ZEDDA_Stefano": {
    "bc": {
      "articles": {
        "2287799975_+_2070000838": 1,
        "2287799975_+_2216555879": 1,
        "2610119218_+_2198172059": 1
      },
      "number": 2
    },
    "cand_nodes": 37,
    "cand_paths": {
      "2": [
        [
          "2275577568",
          "2008542423"
        ],
        [
          "2234990427",
          "2008542423"
        ]
      ],
      "3": [
        [
          "2275577568",
          "1991168780"
        ],
        [
          "2234990427",
          "1991168780"
        ]
      ],
      "4": [
        [
          "2275577568",
          "2095954572"
        ],
        [
          "2275577568",
          "2005738400"
        ],
        [
          "2275577568",
          "1588055704"
        ],
        [
          "2234990427",
          "2095954572"
        ],
        [
          "2234990427",
          "2005738400"
        ],
        [
          "2234990427",
          "1588055704"
        ]
      ],
      "5": [
        [
          "2275577568",
          "1592867794"
        ],
        [
          "2234990427",
          "1592867794"
        ]
      ]
    },
    "cc": {
      "articles": {},
      "number": 0
    },
    "co-au": {
      "articles": [],
      "number": 0
    },
    "comm_nodes": 307,
    "comm_paths": {},
    "other": {
      "cand_other": 237,
      "comm_other": 3466,
      "other_cand": 0,
      "other_comm": 1070
    },
    "other_nodes": 3290
  }
}