{
  "56044_MESSINA_Simona": {
    "bc": {
      "articles": {},
      "number": 0
    },
    "cand_nodes": 3,
    "cand_paths": {},
    "cc": {
      "articles": {},
      "number": 0
    },
    "co-au": {
      "articles": [],
      "number": 0
    },
    "comm_nodes": 510,
    "comm_paths": {},
    "other": {
      "cand_other": 0,
      "comm_other": 3885,
      "other_cand": 0,
      "other_comm": 2171
    },
    "other_nodes": 4135
  },
  "57099_FONTANA_Sabina": {
    "bc": {
      "articles": {
        "2265589486_+_2303161626": 1
      },
      "number": 1
    },
    "cand_nodes": 19,
    "cand_paths": {},
    "cc": {
      "articles": {},
      "number": 0
    },
    "co-au": {
      "articles": [],
      "number": 0
    },
    "comm_nodes": 510,
    "comm_paths": {},
    "other": {
      "cand_other": 110,
      "comm_other": 3885,
      "other_cand": 19,
      "other_comm": 2171
    },
    "other_nodes": 4245
  },
  "58381_VIDESOTT_Gerda": {
    "bc": {
      "articles": {
        "1997451371_+_1967752587": 1,
        "1997451371_+_2074451292": 1,
        "2163636707_+_2619323284": 1
      },
      "number": 2
    },
    "cand_nodes": 5,
    "cand_paths": {},
    "cc": {
      "articles": {},
      "number": 0
    },
    "co-au": {
      "articles": [],
      "number": 0
    },
    "comm_nodes": 510,
    "comm_paths": {},
    "other": {
      "cand_other": 99,
      "comm_other": 3885,
      "other_cand": 88,
      "other_comm": 2171
    },
    "other_nodes": 4311
  },
  "58693_MOSCA_Monica": {
    "bc": {
      "articles": {},
      "number": 0
    },
    "cand_nodes": 5,
    "cand_paths": {},
    "cc": {
      "articles": {},
      "number": 0
    },
    "co-au": {
      "articles": [],
      "number": 0
    },
    "comm_nodes": 510,
    "comm_paths": {},
    "other": {
      "cand_other": 16,
      "comm_other": 3885,
      "other_cand": 0,
      "other_comm": 2171
    },
    "other_nodes": 4151
  },
  "58752_MURELLI_Adriano": {
    "bc": {
      "articles": {
        "2220080504_+_183952579": 1,
        "2220080504_+_2271447392": 1,
        "2220080504_+_2291968027": 1,
        "2220080504_+_2758067731": 1,
        "2918400439_+_1149299564": 2,
        "2918400439_+_1482438246": 1,
        "2918400439_+_1486138975": 1,
        "2918400439_+_1494066873": 2,
        "2918400439_+_156312967": 4,
        "2918400439_+_1608645706": 1,
        "2918400439_+_183206795": 1,
        "2918400439_+_183952579": 2,
        "2918400439_+_1894854907": 2,
        "2918400439_+_1996825865": 1,
        "2918400439_+_2005938383": 1,
        "2918400439_+_2008514911": 1,
        "2918400439_+_2019273563": 4,
        "2918400439_+_2023334777": 1,
        "2918400439_+_2030878599": 1,
        "2918400439_+_2033437306": 2,
        "2918400439_+_203902812": 2,
        "2918400439_+_2066713182": 1,
        "2918400439_+_2068822147": 1,
        "2918400439_+_2073946513": 1,
        "2918400439_+_2086311013": 3,
        "2918400439_+_2103528847": 1,
        "2918400439_+_2106234633": 1,
        "2918400439_+_2130370251": 3,
        "2918400439_+_2136528656": 1,
        "2918400439_+_2160335023": 1,
        "2918400439_+_2173426087": 1,
        "2918400439_+_2176195928": 2,
        "2918400439_+_2185994721": 4,
        "2918400439_+_2260294061": 1,
        "2918400439_+_2271447392": 2,
        "2918400439_+_2290254675": 1,
        "2918400439_+_2291968027": 1,
        "2918400439_+_2303161626": 1,
        "2918400439_+_2344408881": 1,
        "2918400439_+_2759829117": 2,
        "2918400439_+_2797827555": 1,
        "2918400439_+_313426785": 1,
        "2918400439_+_395142559": 2,
        "2918400439_+_396842771": 3
      },
      "number": 11
    },
    "cand_nodes": 15,
    "cand_paths": {
      "1": [
        [
          "2918400439",
          "1549389553"
        ]
      ]
    },
    "cc": {
      "articles": {},
      "number": 0
    },
    "co-au": {
      "articles": [],
      "number": 0
    },
    "comm_nodes": 510,
    "comm_paths": {},
    "other": {
      "cand_other": 46,
      "comm_other": 3885,
      "other_cand": 5,
      "other_comm": 2171
    },
    "other_nodes": 4176
  },
  "59591_TROVATO_Giuseppe": {
    "bc": {
      "articles": {},
      "number": 0
    },
    "cand_nodes": 24,
    "cand_paths": {},
    "cc": {
      "articles": {},
      "number": 0
    },
    "co-au": {
      "articles": [],
      "number": 0
    },
    "comm_nodes": 510,
    "comm_paths": {},
    "other": {
      "cand_other": 33,
      "comm_other": 3885,
      "other_cand": 3,
      "other_comm": 2171
    },
    "other_nodes": 4168
  }
}