{
  "60522_LAI_Rosangela": {
    "bc": {
      "articles": {
        "1943033265_+_183952579": 1,
        "1947105040_+_183952579": 1,
        "2284398232_+_183952579": 1,
        "2284398232_+_396842771": 1
      },
      "number": 2
    },
    "cand_nodes": 9,
    "cand_paths": {},
    "cc": {
      "articles": {
        "2760650265_+_2008514911": 1,
        "2760650265_+_2554963115": 1
      },
      "number": 1
    },
    "co-au": {
      "articles": [],
      "number": 0
    },
    "comm_nodes": 510,
    "comm_paths": {},
    "other": {
      "cand_other": 110,
      "comm_other": 3885,
      "other_cand": 9,
      "other_comm": 2171
    },
    "other_nodes": 4222
  },
  "64119_PRENDUSHI_ALIMHILLAJ_Gjilda": {
    "bc": {
      "articles": {},
      "number": 0
    },
    "cand_nodes": 5,
    "cand_paths": {},
    "cc": {
      "articles": {},
      "number": 0
    },
    "co-au": {
      "articles": [],
      "number": 0
    },
    "comm_nodes": 510,
    "comm_paths": {},
    "other": {
      "cand_other": 0,
      "comm_other": 3885,
      "other_cand": 0,
      "other_comm": 2171
    },
    "other_nodes": 4135
  },
  "64237_TORRESAN_Paolo": {
    "bc": {
      "articles": {
        "1868065091_+_1482438246": 1,
        "1868065091_+_396842771": 1,
        "2008003566_+_2114761814": 1,
        "2008003566_+_2278470518": 1,
        "2008003566_+_2282495743": 1
      },
      "number": 2
    },
    "cand_nodes": 24,
    "cand_paths": {},
    "cc": {
      "articles": {},
      "number": 0
    },
    "co-au": {
      "articles": [],
      "number": 0
    },
    "comm_nodes": 510,
    "comm_paths": {},
    "other": {
      "cand_other": 100,
      "comm_other": 3885,
      "other_cand": 15,
      "other_comm": 2171
    },
    "other_nodes": 4232
  },
  "65517_CONFORTI_Emilia": {
    "bc": {
      "articles": {},
      "number": 0
    },
    "cand_nodes": 3,
    "cand_paths": {},
    "cc": {
      "articles": {},
      "number": 0
    },
    "co-au": {
      "articles": [],
      "number": 0
    },
    "comm_nodes": 510,
    "comm_paths": {},
    "other": {
      "cand_other": 10,
      "comm_other": 3885,
      "other_cand": 0,
      "other_comm": 2171
    },
    "other_nodes": 4145
  },
  "65697_PERGOLA_Ruggiero": {
    "bc": {
      "articles": {},
      "number": 0
    },
    "cand_nodes": 3,
    "cand_paths": {},
    "cc": {
      "articles": {},
      "number": 0
    },
    "co-au": {
      "articles": [],
      "number": 0
    },
    "comm_nodes": 510,
    "comm_paths": {},
    "other": {
      "cand_other": 36,
      "comm_other": 3885,
      "other_cand": 0,
      "other_comm": 2171
    },
    "other_nodes": 4171
  },
  "66885_RO\u0301ZSAVO\u0308LGYI_Edit": {
    "bc": {
      "articles": {},
      "number": 0
    },
    "cand_nodes": 3,
    "cand_paths": {},
    "cc": {
      "articles": {},
      "number": 0
    },
    "co-au": {
      "articles": [],
      "number": 0
    },
    "comm_nodes": 510,
    "comm_paths": {},
    "other": {
      "cand_other": 3,
      "comm_other": 3885,
      "other_cand": 0,
      "other_comm": 2171
    },
    "other_nodes": 4138
  },
  "68445_BADAN_Linda": {
    "bc": {
      "articles": {
        "1244507444_+_123707215": 1,
        "1244507444_+_1494066873": 1,
        "1244507444_+_156312967": 1,
        "1244507444_+_169827096": 1,
        "1244507444_+_183206795": 1,
        "1244507444_+_1966642720": 1,
        "1244507444_+_2019273563": 1,
        "1244507444_+_2066713182": 1,
        "1244507444_+_2086311013": 1,
        "1244507444_+_2094984892": 2,
        "1244507444_+_2144618845": 1,
        "1244507444_+_2151011967": 2,
        "1244507444_+_2176195928": 1,
        "1244507444_+_2257525981": 1,
        "1244507444_+_2258560955": 1,
        "1244507444_+_2282328272": 1,
        "1244507444_+_2290254675": 2,
        "1244507444_+_2291968027": 2,
        "1244507444_+_2475682753": 1,
        "1244507444_+_2544519117": 1,
        "1244507444_+_2551148636": 1,
        "1244507444_+_2554963115": 1,
        "1244507444_+_2624768623": 1,
        "1244507444_+_2758067731": 1,
        "1244507444_+_2759829117": 1,
        "13364222_+_1149299564": 1,
        "13364222_+_123707215": 1,
        "13364222_+_1482438246": 1,
        "13364222_+_1494066873": 2,
        "13364222_+_156312967": 6,
        "13364222_+_1573871425": 1,
        "13364222_+_169827096": 1,
        "13364222_+_1768870928": 2,
        "13364222_+_183206795": 3,
        "13364222_+_183952579": 1,
        "13364222_+_189934916": 2,
        "13364222_+_1966642720": 1,
        "13364222_+_2001375544": 2,
        "13364222_+_2008514911": 2,
        "13364222_+_2019273563": 4,
        "13364222_+_2033437306": 1,
        "13364222_+_203902812": 1,
        "13364222_+_2061013512": 3,
        "13364222_+_2066713182": 3,
        "13364222_+_2085297150": 1,
        "13364222_+_2086311013": 4,
        "13364222_+_2093699953": 1,
        "13364222_+_2094984892": 3,
        "13364222_+_2121046377": 1,
        "13364222_+_2130370251": 3,
        "13364222_+_2151011967": 6,
        "13364222_+_2160335023": 3,
        "13364222_+_2173426087": 2,
        "13364222_+_2176195928": 2,
        "13364222_+_2185994721": 1,
        "13364222_+_2253962723": 1,
        "13364222_+_2257525981": 5,
        "13364222_+_2258560955": 4,
        "13364222_+_2271943579": 2,
        "13364222_+_2276873348": 1,
        "13364222_+_2278516230": 1,
        "13364222_+_2282328272": 1,
        "13364222_+_2290254675": 2,
        "13364222_+_2291968027": 6,
        "13364222_+_2292854864": 2,
        "13364222_+_2475682753": 1,
        "13364222_+_2544519117": 1,
        "13364222_+_2551148636": 1,
        "13364222_+_2554963115": 1,
        "13364222_+_2624768623": 1,
        "13364222_+_2758067731": 5,
        "13364222_+_2759829117": 1,
        "13364222_+_2797827555": 1,
        "13364222_+_396842771": 5,
        "2076300332_+_123707215": 1,
        "2076300332_+_203902812": 1,
        "2076300332_+_395142559": 1,
        "2076300332_+_70023012": 1,
        "2460187889_+_156312967": 1,
        "2460646224_+_1494066873": 1,
        "2460646224_+_156312967": 1,
        "2460646224_+_183206795": 1,
        "2460646224_+_1966642720": 1,
        "2460646224_+_2008514911": 1,
        "2460646224_+_2019273563": 1,
        "2460646224_+_2033437306": 1,
        "2460646224_+_2061013512": 1,
        "2460646224_+_2066713182": 1,
        "2460646224_+_2086311013": 1,
        "2460646224_+_2094984892": 2,
        "2460646224_+_2151011967": 2,
        "2460646224_+_2160335023": 1,
        "2460646224_+_2176195928": 1,
        "2460646224_+_2257525981": 1,
        "2460646224_+_2258560955": 1,
        "2460646224_+_2282328272": 1,
        "2460646224_+_2290254675": 1,
        "2460646224_+_2291968027": 1,
        "2460646224_+_2475682753": 1,
        "2460646224_+_2544519117": 1,
        "2460646224_+_2551148636": 1,
        "2460646224_+_2554963115": 1,
        "2460646224_+_2758067731": 1,
        "2460646224_+_2759829117": 1,
        "2476342390_+_1494066873": 1,
        "2476342390_+_156312967": 3,
        "2476342390_+_169827096": 1,
        "2476342390_+_1768870928": 1,
        "2476342390_+_183206795": 1,
        "2476342390_+_189934916": 1,
        "2476342390_+_1966642720": 1,
        "2476342390_+_2001375544": 1,
        "2476342390_+_2019273563": 1,
        "2476342390_+_2061013512": 1,
        "2476342390_+_2066713182": 1,
        "2476342390_+_2085297150": 1,
        "2476342390_+_2086311013": 2,
        "2476342390_+_2093699953": 1,
        "2476342390_+_2094984892": 1,
        "2476342390_+_2121046377": 1,
        "2476342390_+_2151011967": 3,
        "2476342390_+_2173426087": 1,
        "2476342390_+_2176195928": 1,
        "2476342390_+_2185994721": 1,
        "2476342390_+_2257525981": 1,
        "2476342390_+_2258560955": 1,
        "2476342390_+_2271943579": 1,
        "2476342390_+_2276873348": 1,
        "2476342390_+_2282328272": 1,
        "2476342390_+_2290254675": 2,
        "2476342390_+_2291968027": 2,
        "2476342390_+_2292854864": 1,
        "2476342390_+_2475682753": 1,
        "2476342390_+_2544519117": 1,
        "2476342390_+_2551148636": 1,
        "2476342390_+_2554963115": 1,
        "2476342390_+_2758067731": 3,
        "2476342390_+_2759829117": 1,
        "2476342390_+_396842771": 2
      },
      "number": 28
    },
    "cand_nodes": 27,
    "cand_paths": {
      "1": [
        [
          "13364222",
          "2207778397"
        ],
        [
          "13364222",
          "2258560955"
        ],
        [
          "13364222",
          "2279154629"
        ],
        [
          "13364222",
          "123707215"
        ]
      ],
      "2": [
        [
          "2460646224",
          "2207778397"
        ],
        [
          "2460646224",
          "369185417"
        ],
        [
          "2460646224",
          "2268624814"
        ],
        [
          "2460646224",
          "2039405732"
        ],
        [
          "1244507444",
          "369185417"
        ],
        [
          "1244507444",
          "1549389553"
        ],
        [
          "1244507444",
          "27365366"
        ],
        [
          "1244507444",
          "2039405732"
        ],
        [
          "2476342390",
          "2039405732"
        ],
        [
          "13364222",
          "369185417"
        ],
        [
          "13364222",
          "2039405732"
        ]
      ]
    },
    "cc": {
      "articles": {
        "1244507444_+_2094984892": 1,
        "1244507444_+_2278516230": 1,
        "2476342390_+_1005282986": 1,
        "2476342390_+_183206795": 1,
        "2476342390_+_2181495768": 1,
        "2476342390_+_2207778397": 1,
        "2476342390_+_2260294061": 1,
        "2476342390_+_2291980820": 1,
        "2476342390_+_369185417": 1,
        "2947852022_+_183206795": 1,
        "2947852022_+_2260294061": 1
      },
      "number": 4
    },
    "co-au": {
      "articles": [],
      "number": 0
    },
    "comm_nodes": 510,
    "comm_paths": {},
    "other": {
      "cand_other": 158,
      "comm_other": 3885,
      "other_cand": 31,
      "other_comm": 2171
    },
    "other_nodes": 4265
  },
  "69801_VERONESI_Daniela": {
    "bc": {
      "articles": {
        "1906245675_+_2182895103": 1,
        "1906245675_+_2278470518": 1
      },
      "number": 1
    },
    "cand_nodes": 11,
    "cand_paths": {
      "2": [
        [
          "1906245675",
          "2253340216"
        ]
      ]
    },
    "cc": {
      "articles": {
        "1906245675_+_2182895103": 1,
        "2505350793_+_2182895103": 1
      },
      "number": 1
    },
    "co-au": {
      "articles": [],
      "number": 0
    },
    "comm_nodes": 510,
    "comm_paths": {},
    "other": {
      "cand_other": 158,
      "comm_other": 3885,
      "other_cand": 30,
      "other_comm": 2171
    },
    "other_nodes": 4295
  },
  "70165_PISANO_Simone": {
    "bc": {
      "articles": {},
      "number": 0
    },
    "cand_nodes": 6,
    "cand_paths": {},
    "cc": {
      "articles": {},
      "number": 0
    },
    "co-au": {
      "articles": [],
      "number": 0
    },
    "comm_nodes": 510,
    "comm_paths": {},
    "other": {
      "cand_other": 0,
      "comm_other": 3885,
      "other_cand": 0,
      "other_comm": 2171
    },
    "other_nodes": 4135
  },
  "70462_SANFELICI_Emanuela": {
    "bc": {
      "articles": {
        "2758067731_+_123707215": 1,
        "2758067731_+_1486138975": 2,
        "2758067731_+_1494066873": 1,
        "2758067731_+_156312967": 4,
        "2758067731_+_169827096": 1,
        "2758067731_+_1768870928": 2,
        "2758067731_+_183206795": 1,
        "2758067731_+_1894854907": 2,
        "2758067731_+_1966642720": 1,
        "2758067731_+_1967752587": 1,
        "2758067731_+_2001375544": 1,
        "2758067731_+_2003857056": 3,
        "2758067731_+_2005938383": 4,
        "2758067731_+_2019273563": 1,
        "2758067731_+_2036843715": 2,
        "2758067731_+_2066713182": 1,
        "2758067731_+_2068569123": 3,
        "2758067731_+_2073946513": 4,
        "2758067731_+_2086311013": 3,
        "2758067731_+_2093699953": 4,
        "2758067731_+_2094984892": 2,
        "2758067731_+_2130370251": 2,
        "2758067731_+_2151011967": 4,
        "2758067731_+_2160335023": 1,
        "2758067731_+_2173426087": 1,
        "2758067731_+_2176195928": 1,
        "2758067731_+_2185994721": 1,
        "2758067731_+_2209961919": 2,
        "2758067731_+_2257525981": 1,
        "2758067731_+_2258560955": 1,
        "2758067731_+_2271447392": 1,
        "2758067731_+_2271943579": 1,
        "2758067731_+_2276873348": 1,
        "2758067731_+_2278516230": 1,
        "2758067731_+_2280182784": 3,
        "2758067731_+_2282328272": 4,
        "2758067731_+_2290254675": 2,
        "2758067731_+_2291968027": 4,
        "2758067731_+_2292854864": 1,
        "2758067731_+_2300289735": 2,
        "2758067731_+_2339080099": 2,
        "2758067731_+_2344408881": 2,
        "2758067731_+_2475682753": 1,
        "2758067731_+_2544519117": 1,
        "2758067731_+_2551148636": 1,
        "2758067731_+_2554963115": 2,
        "2758067731_+_2588850431": 3,
        "2758067731_+_2759829117": 1,
        "2758067731_+_396842771": 4
      },
      "number": 21
    },
    "cand_nodes": 5,
    "cand_paths": {
      "1": [
        [
          "2758067731",
          "2207778397"
        ],
        [
          "2758067731",
          "2005938383"
        ]
      ],
      "2": [
        [
          "2758067731",
          "2014448405"
        ],
        [
          "2758067731",
          "2028048492"
        ],
        [
          "2758067731",
          "2003857056"
        ],
        [
          "2758067731",
          "2339080099"
        ],
        [
          "2758067731",
          "1486138975"
        ],
        [
          "2758067731",
          "2068822147"
        ],
        [
          "2758067731",
          "2039405732"
        ]
      ],
      "3": [
        [
          "2758067731",
          "1996825865"
        ],
        [
          "2758067731",
          "2160335023"
        ],
        [
          "2758067731",
          "1565604283"
        ],
        [
          "2758067731",
          "2081409643"
        ],
        [
          "2758067731",
          "2250603057"
        ],
        [
          "2758067731",
          "2103528847"
        ]
      ],
      "4": [
        [
          "2758067731",
          "572870755"
        ]
      ],
      "5": [
        [
          "2758067731",
          "369185417"
        ],
        [
          "2758067731",
          "1556829328"
        ]
      ]
    },
    "cc": {
      "articles": {},
      "number": 1
    },
    "co-au": {
      "articles": [
        "2758067731",
        "2760091945",
        "2783719120"
      ],
      "number": 3
    },
    "comm_nodes": 510,
    "comm_paths": {},
    "other": {
      "cand_other": 32,
      "comm_other": 3885,
      "other_cand": 3,
      "other_comm": 2171
    },
    "other_nodes": 4137
  },
  "70473_CITRARO_Cinzia": {
    "bc": {
      "articles": {},
      "number": 0
    },
    "cand_nodes": 1,
    "cand_paths": {},
    "cc": {
      "articles": {},
      "number": 0
    },
    "co-au": {
      "articles": [],
      "number": 0
    },
    "comm_nodes": 510,
    "comm_paths": {},
    "other": {
      "cand_other": 0,
      "comm_other": 3885,
      "other_cand": 0,
      "other_comm": 2171
    },
    "other_nodes": 4135
  },
  "70581_GAZZOLA_Michele": {
    "bc": {
      "articles": {},
      "number": 0
    },
    "cand_nodes": 57,
    "cand_paths": {},
    "cc": {
      "articles": {},
      "number": 0
    },
    "co-au": {
      "articles": [],
      "number": 0
    },
    "comm_nodes": 510,
    "comm_paths": {},
    "other": {
      "cand_other": 1120,
      "comm_other": 3885,
      "other_cand": 238,
      "other_comm": 2171
    },
    "other_nodes": 4690
  },
  "70963_GASBARRA_Valentina": {
    "bc": {
      "articles": {},
      "number": 0
    },
    "cand_nodes": 8,
    "cand_paths": {},
    "cc": {
      "articles": {},
      "number": 0
    },
    "co-au": {
      "articles": [],
      "number": 0
    },
    "comm_nodes": 510,
    "comm_paths": {},
    "other": {
      "cand_other": 58,
      "comm_other": 3885,
      "other_cand": 0,
      "other_comm": 2171
    },
    "other_nodes": 4168
  },
  "71750_MELCHIOR_Luca": {
    "bc": {
      "articles": {},
      "number": 0
    },
    "cand_nodes": 3,
    "cand_paths": {},
    "cc": {
      "articles": {},
      "number": 0
    },
    "co-au": {
      "articles": [],
      "number": 0
    },
    "comm_nodes": 510,
    "comm_paths": {},
    "other": {
      "cand_other": 1,
      "comm_other": 3885,
      "other_cand": 1,
      "other_comm": 2171
    },
    "other_nodes": 4137
  },
  "71774_BASCIANO_Bianca": {
    "bc": {
      "articles": {
        "2015514892_+_2033437306": 1,
        "2015514892_+_2081409643": 1,
        "2015514892_+_2130370251": 1,
        "2015514892_+_396842771": 1,
        "2015514892_+_70023012": 1,
        "2128860087_+_1149299564": 1,
        "2128860087_+_1482438246": 1,
        "2128860087_+_1486138975": 1,
        "2128860087_+_1494066873": 1,
        "2128860087_+_156312967": 1,
        "2128860087_+_183952579": 1,
        "2128860087_+_1894854907": 1,
        "2128860087_+_2005938383": 2,
        "2128860087_+_2008514911": 1,
        "2128860087_+_2019273563": 1,
        "2128860087_+_2030878599": 1,
        "2128860087_+_2033437306": 1,
        "2128860087_+_2068704623": 1,
        "2128860087_+_2068822147": 1,
        "2128860087_+_2073946513": 1,
        "2128860087_+_2086311013": 1,
        "2128860087_+_2130370251": 1,
        "2128860087_+_2160335023": 1,
        "2128860087_+_2173426087": 1,
        "2128860087_+_2176195928": 1,
        "2128860087_+_2185994721": 2,
        "2128860087_+_2271447392": 4,
        "2128860087_+_2290254675": 1,
        "2128860087_+_2291968027": 1,
        "2128860087_+_2344408881": 1,
        "2128860087_+_2759829117": 1,
        "2128860087_+_395142559": 1,
        "2128860087_+_396842771": 2,
        "2333400249_+_156312967": 1
      },
      "number": 13
    },
    "cand_nodes": 27,
    "cand_paths": {},
    "cc": {
      "articles": {},
      "number": 0
    },
    "co-au": {
      "articles": [],
      "number": 0
    },
    "comm_nodes": 510,
    "comm_paths": {},
    "other": {
      "cand_other": 191,
      "comm_other": 3885,
      "other_cand": 59,
      "other_comm": 2171
    },
    "other_nodes": 4350
  },
  "72284_FEDRIANI_Chiara": {
    "bc": {
      "articles": {
        "10.1075/slcs.186.01fed_+_10.1111/stul.12008": 1,
        "1826296064_+_1149299564": 1
      },
      "number": 2
    },
    "cand_nodes": 34,
    "cand_paths": {},
    "cc": {
      "articles": {
        "1826296064_+_2302183861": 1
      },
      "number": 1
    },
    "co-au": {
      "articles": [],
      "number": 0
    },
    "comm_nodes": 510,
    "comm_paths": {},
    "other": {
      "cand_other": 239,
      "comm_other": 3885,
      "other_cand": 34,
      "other_comm": 2171
    },
    "other_nodes": 4380
  },
  "73198_REVELLI_Luisa": {
    "bc": {
      "articles": {},
      "number": 0
    },
    "cand_nodes": 4,
    "cand_paths": {},
    "cc": {
      "articles": {},
      "number": 0
    },
    "co-au": {
      "articles": [],
      "number": 0
    },
    "comm_nodes": 510,
    "comm_paths": {},
    "other": {
      "cand_other": 13,
      "comm_other": 3885,
      "other_cand": 0,
      "other_comm": 2171
    },
    "other_nodes": 4148
  },
  "73592_BRANCHINI_Chiara": {
    "bc": {
      "articles": {
        "10.1075/BCT.71.03BRA_+_10.1111/stul.12008": 1,
        "10.1075/BCT.71.03BRA_+_1149299564": 1,
        "10.1075/BCT.71.03BRA_+_169827096": 1,
        "10.1075/BCT.71.03BRA_+_2008514911": 1,
        "10.1075/BCT.71.03BRA_+_2181495768": 1,
        "10.1075/BCT.71.03BRA_+_2543364228": 1,
        "10.1075/BCT.71.03BRA_+_2544519117": 1,
        "10.1075/BCT.71.03BRA_+_2624768623": 1,
        "1416456101_+_1149299564": 1,
        "1416456101_+_123707215": 2,
        "1416456101_+_1486138975": 1,
        "1416456101_+_183206795": 1,
        "1416456101_+_189934916": 1,
        "1416456101_+_2002526288": 1,
        "1416456101_+_2005938383": 1,
        "1416456101_+_2008514911": 1,
        "1416456101_+_2019273563": 1,
        "1416456101_+_203902812": 1,
        "1416456101_+_2066713182": 1,
        "1416456101_+_2068822147": 1,
        "1416456101_+_207546867": 1,
        "1416456101_+_2086311013": 1,
        "1416456101_+_2093699953": 1,
        "1416456101_+_2130370251": 1,
        "1416456101_+_2176195928": 1,
        "1416456101_+_2181495768": 1,
        "1416456101_+_2282328272": 1,
        "1416456101_+_2291968027": 1,
        "1416456101_+_396842771": 2,
        "1482438246_+_1005282986": 1,
        "1482438246_+_1149299564": 1,
        "1482438246_+_1486138975": 1,
        "1482438246_+_1494066873": 1,
        "1482438246_+_156312967": 1,
        "1482438246_+_1573871425": 4,
        "1482438246_+_172602838": 1,
        "1482438246_+_183952579": 2,
        "1482438246_+_1894854907": 2,
        "1482438246_+_1940919378": 3,
        "1482438246_+_2005938383": 1,
        "1482438246_+_2008514911": 1,
        "1482438246_+_2019273563": 1,
        "1482438246_+_2023334777": 1,
        "1482438246_+_2030878599": 7,
        "1482438246_+_2033437306": 1,
        "1482438246_+_2068822147": 1,
        "1482438246_+_2073946513": 1,
        "1482438246_+_2074451292": 1,
        "1482438246_+_2081409643": 1,
        "1482438246_+_2085297150": 3,
        "1482438246_+_2086311013": 1,
        "1482438246_+_2118628890": 4,
        "1482438246_+_2121046377": 2,
        "1482438246_+_2130370251": 1,
        "1482438246_+_2136528656": 1,
        "1482438246_+_2144618845": 1,
        "1482438246_+_2151386710": 1,
        "1482438246_+_2154452227": 1,
        "1482438246_+_2160335023": 1,
        "1482438246_+_2167799078": 2,
        "1482438246_+_2173426087": 1,
        "1482438246_+_2176195928": 1,
        "1482438246_+_2185994721": 1,
        "1482438246_+_2196313013": 1,
        "1482438246_+_2209961919": 3,
        "1482438246_+_2247198394": 2,
        "1482438246_+_2271447392": 1,
        "1482438246_+_2282328272": 3,
        "1482438246_+_2290254675": 1,
        "1482438246_+_2291968027": 1,
        "1482438246_+_2302205107": 3,
        "1482438246_+_2303161626": 2,
        "1482438246_+_2316919542": 5,
        "1482438246_+_2342973216": 1,
        "1482438246_+_2344408881": 1,
        "1482438246_+_2405837063": 1,
        "1482438246_+_2415263707": 2,
        "1482438246_+_2477185311": 2,
        "1482438246_+_2588850431": 2,
        "1482438246_+_2613126237": 4,
        "1482438246_+_2619323284": 1,
        "1482438246_+_2759829117": 1,
        "1482438246_+_2797827555": 1,
        "1482438246_+_395142559": 1,
        "1482438246_+_396842771": 2,
        "1482438246_+_70023012": 1,
        "1940919378_+_1482018153": 2,
        "1940919378_+_1482438246": 3,
        "1940919378_+_1573871425": 1,
        "1940919378_+_2003857056": 1,
        "1940919378_+_2005938383": 1,
        "1940919378_+_2030878599": 8,
        "1940919378_+_2036843715": 1,
        "1940919378_+_2068569123": 1,
        "1940919378_+_2073946513": 1,
        "1940919378_+_2074451292": 3,
        "1940919378_+_2085297150": 2,
        "1940919378_+_2118628890": 4,
        "1940919378_+_2121046377": 1,
        "1940919378_+_2154452227": 1,
        "1940919378_+_2160810898": 2,
        "1940919378_+_2167799078": 2,
        "1940919378_+_2209961919": 2,
        "1940919378_+_2282328272": 8,
        "1940919378_+_2302205107": 5,
        "1940919378_+_2303161626": 1,
        "1940919378_+_2316919542": 8,
        "1940919378_+_2342973216": 1,
        "1940919378_+_2344408881": 2,
        "1940919378_+_2405837063": 6,
        "1940919378_+_2415263707": 1,
        "1940919378_+_2477185311": 2,
        "1940919378_+_2588850431": 4,
        "1940919378_+_2613126237": 3,
        "1940919378_+_2619323284": 2,
        "2030878599_+_10.1002/9781118358733.wbsyncom038": 1,
        "2030878599_+_1149299564": 5,
        "2030878599_+_1482018153": 2,
        "2030878599_+_1482438246": 7,
        "2030878599_+_1486138975": 1,
        "2030878599_+_1494066873": 1,
        "2030878599_+_156312967": 1,
        "2030878599_+_1573871425": 14,
        "2030878599_+_183952579": 5,
        "2030878599_+_1894854907": 4,
        "2030878599_+_1940919378": 8,
        "2030878599_+_2005938383": 1,
        "2030878599_+_2008514911": 1,
        "2030878599_+_2019273563": 2,
        "2030878599_+_2033437306": 4,
        "2030878599_+_203902812": 1,
        "2030878599_+_2068704623": 5,
        "2030878599_+_2068822147": 1,
        "2030878599_+_2069278320": 1,
        "2030878599_+_2073946513": 1,
        "2030878599_+_2074451292": 6,
        "2030878599_+_2086311013": 1,
        "2030878599_+_2118628890": 5,
        "2030878599_+_2126755207": 2,
        "2030878599_+_2130370251": 1,
        "2030878599_+_2132878438": 1,
        "2030878599_+_2154452227": 4,
        "2030878599_+_2160335023": 1,
        "2030878599_+_2160810898": 6,
        "2030878599_+_2173426087": 1,
        "2030878599_+_2176195928": 1,
        "2030878599_+_2185994721": 1,
        "2030878599_+_2209961919": 6,
        "2030878599_+_2271447392": 1,
        "2030878599_+_2282328272": 22,
        "2030878599_+_2290254675": 1,
        "2030878599_+_2291968027": 1,
        "2030878599_+_2302205107": 8,
        "2030878599_+_2303161626": 3,
        "2030878599_+_2316919542": 44,
        "2030878599_+_2342884624": 1,
        "2030878599_+_2344408881": 2,
        "2030878599_+_2405837063": 6,
        "2030878599_+_2415263707": 18,
        "2030878599_+_2554963115": 2,
        "2030878599_+_2588850431": 6,
        "2030878599_+_2613126237": 3,
        "2030878599_+_2619323284": 2,
        "2030878599_+_2759829117": 1,
        "2030878599_+_395142559": 3,
        "2030878599_+_396842771": 2,
        "2030878599_+_70023012": 1,
        "2052780123_+_169827096": 1,
        "2052780123_+_1768870928": 1,
        "2052780123_+_1966642720": 1,
        "2052780123_+_2008514911": 1,
        "2052780123_+_2086311013": 1,
        "2052780123_+_2181495768": 1,
        "2052780123_+_2291968027": 2,
        "2052780123_+_2543364228": 1,
        "2052780123_+_2624768623": 1,
        "2160335023_+_1149299564": 1,
        "2160335023_+_123707215": 3,
        "2160335023_+_1482438246": 1,
        "2160335023_+_1486138975": 3,
        "2160335023_+_1494066873": 2,
        "2160335023_+_156312967": 2,
        "2160335023_+_1573871425": 1,
        "2160335023_+_183206795": 1,
        "2160335023_+_183952579": 2,
        "2160335023_+_1894854907": 3,
        "2160335023_+_1996825865": 2,
        "2160335023_+_2003857056": 2,
        "2160335023_+_2005938383": 5,
        "2160335023_+_2008514911": 3,
        "2160335023_+_2019273563": 3,
        "2160335023_+_2030878599": 1,
        "2160335023_+_2033437306": 4,
        "2160335023_+_2036843715": 3,
        "2160335023_+_2061013512": 1,
        "2160335023_+_2066713182": 1,
        "2160335023_+_2068569123": 2,
        "2160335023_+_2068704623": 2,
        "2160335023_+_2068822147": 2,
        "2160335023_+_2069278320": 1,
        "2160335023_+_2073946513": 8,
        "2160335023_+_207546867": 1,
        "2160335023_+_2086311013": 2,
        "2160335023_+_2093699953": 5,
        "2160335023_+_2094984892": 2,
        "2160335023_+_2103528847": 2,
        "2160335023_+_2118628890": 2,
        "2160335023_+_2121046377": 1,
        "2160335023_+_2130370251": 4,
        "2160335023_+_2132878438": 1,
        "2160335023_+_2151011967": 1,
        "2160335023_+_2160810898": 2,
        "2160335023_+_2173426087": 1,
        "2160335023_+_2176195928": 2,
        "2160335023_+_2185994721": 2,
        "2160335023_+_2209961919": 5,
        "2160335023_+_2247198394": 1,
        "2160335023_+_2257525981": 1,
        "2160335023_+_2258560955": 1,
        "2160335023_+_2271447392": 1,
        "2160335023_+_2280182784": 4,
        "2160335023_+_2282328272": 8,
        "2160335023_+_2290254675": 1,
        "2160335023_+_2291968027": 3,
        "2160335023_+_2303161626": 1,
        "2160335023_+_2316919542": 1,
        "2160335023_+_2339080099": 1,
        "2160335023_+_2344408881": 5,
        "2160335023_+_2405837063": 1,
        "2160335023_+_2554963115": 1,
        "2160335023_+_2588850431": 4,
        "2160335023_+_2758067731": 1,
        "2160335023_+_2759829117": 1,
        "2160335023_+_395142559": 3,
        "2160335023_+_396842771": 2,
        "2160335023_+_70023012": 1,
        "2280182784_+_172602838": 1,
        "2280182784_+_1894854907": 2,
        "2280182784_+_2003857056": 2,
        "2280182784_+_2005938383": 2,
        "2280182784_+_2033437306": 1,
        "2280182784_+_2036843715": 3,
        "2280182784_+_2068569123": 3,
        "2280182784_+_2073946513": 3,
        "2280182784_+_2085297150": 1,
        "2280182784_+_2093699953": 3,
        "2280182784_+_2118628890": 1,
        "2280182784_+_2121046377": 1,
        "2280182784_+_2136528656": 1,
        "2280182784_+_2144618845": 1,
        "2280182784_+_2160335023": 4,
        "2280182784_+_2209961919": 3,
        "2280182784_+_2282328272": 5,
        "2280182784_+_2316919542": 1,
        "2280182784_+_2344408881": 2,
        "2280182784_+_2405837063": 1,
        "2280182784_+_2588850431": 3,
        "2280182784_+_2758067731": 3,
        "2291968027_+_1149299564": 6,
        "2291968027_+_123707215": 2,
        "2291968027_+_1482438246": 1,
        "2291968027_+_1486138975": 2,
        "2291968027_+_1494066873": 3,
        "2291968027_+_156312967": 6,
        "2291968027_+_172602838": 1,
        "2291968027_+_1768870928": 3,
        "2291968027_+_183206795": 3,
        "2291968027_+_183952579": 2,
        "2291968027_+_1894854907": 1,
        "2291968027_+_189934916": 3,
        "2291968027_+_1927514652": 1,
        "2291968027_+_1964694672": 1,
        "2291968027_+_1966642720": 2,
        "2291968027_+_2002526288": 1,
        "2291968027_+_2005938383": 3,
        "2291968027_+_2008514911": 5,
        "2291968027_+_2019273563": 9,
        "2291968027_+_2030878599": 1,
        "2291968027_+_2033437306": 2,
        "2291968027_+_203902812": 2,
        "2291968027_+_2043881201": 1,
        "2291968027_+_2061013512": 1,
        "2291968027_+_2066713182": 3,
        "2291968027_+_2068704623": 1,
        "2291968027_+_2068822147": 5,
        "2291968027_+_2073946513": 2,
        "2291968027_+_2074451292": 1,
        "2291968027_+_207546867": 2,
        "2291968027_+_2081409643": 2,
        "2291968027_+_2086311013": 3,
        "2291968027_+_2093699953": 3,
        "2291968027_+_2094984892": 3,
        "2291968027_+_2118628890": 1,
        "2291968027_+_2121046377": 1,
        "2291968027_+_2126755207": 1,
        "2291968027_+_2130370251": 4,
        "2291968027_+_2132878438": 3,
        "2291968027_+_2151011967": 3,
        "2291968027_+_2160335023": 3,
        "2291968027_+_2160810898": 1,
        "2291968027_+_2173426087": 2,
        "2291968027_+_2176195928": 5,
        "2291968027_+_2181495768": 3,
        "2291968027_+_2185994721": 3,
        "2291968027_+_2209961919": 2,
        "2291968027_+_2247198394": 1,
        "2291968027_+_2253962723": 3,
        "2291968027_+_2257525981": 3,
        "2291968027_+_2258560955": 4,
        "2291968027_+_2268186577": 1,
        "2291968027_+_2271447392": 3,
        "2291968027_+_2271943579": 1,
        "2291968027_+_2278516230": 1,
        "2291968027_+_2282328272": 6,
        "2291968027_+_2290254675": 3,
        "2291968027_+_2292854864": 1,
        "2291968027_+_2303161626": 1,
        "2291968027_+_2344408881": 1,
        "2291968027_+_2475682753": 1,
        "2291968027_+_2544519117": 1,
        "2291968027_+_2551148636": 1,
        "2291968027_+_2554963115": 1,
        "2291968027_+_2624768623": 2,
        "2291968027_+_2758067731": 4,
        "2291968027_+_2759829117": 3,
        "2291968027_+_2797827555": 1,
        "2291968027_+_313426785": 1,
        "2291968027_+_395142559": 2,
        "2291968027_+_396842771": 6,
        "2405837063_+_1482018153": 5,
        "2405837063_+_1482438246": 1,
        "2405837063_+_1573871425": 1,
        "2405837063_+_1894854907": 1,
        "2405837063_+_1940919378": 6,
        "2405837063_+_2005938383": 1,
        "2405837063_+_2030878599": 6,
        "2405837063_+_2073946513": 2,
        "2405837063_+_2074451292": 9,
        "2405837063_+_2118628890": 2,
        "2405837063_+_2154452227": 1,
        "2405837063_+_2160335023": 1,
        "2405837063_+_2160810898": 7,
        "2405837063_+_2196313013": 3,
        "2405837063_+_2209961919": 4,
        "2405837063_+_2280182784": 1,
        "2405837063_+_2282328272": 11,
        "2405837063_+_2302205107": 3,
        "2405837063_+_2303161626": 1,
        "2405837063_+_2316919542": 10,
        "2405837063_+_2344408881": 2,
        "2405837063_+_2415263707": 2,
        "2405837063_+_2588850431": 11,
        "2405837063_+_2613126237": 2,
        "2405837063_+_2619323284": 2,
        "2579845496_+_2282328272": 1,
        "2579845496_+_2302205107": 1,
        "2970203224_+_1703250177": 1,
        "2970203224_+_2290254675": 1,
        "2970203224_+_2303161626": 1,
        "2970203224_+_2544519117": 1,
        "2970203224_+_2554963115": 1,
        "51131988_+_2081409643": 1
      },
      "number": 187
    },
    "cand_nodes": 36,
    "cand_paths": {
      "1": [
        [
          "2970203224",
          "2290254675"
        ],
        [
          "2052780123",
          "2014448405"
        ],
        [
          "10.1075/BCT.71.03BRA",
          "2014448405"
        ],
        [
          "2030878599",
          "1996825865"
        ],
        [
          "2030878599",
          "2068704623"
        ],
        [
          "2030878599",
          "2160810898"
        ],
        [
          "1940919378",
          "2160810898"
        ],
        [
          "1940919378",
          "1482438246"
        ],
        [
          "2160335023",
          "2003857056"
        ],
        [
          "2160335023",
          "2039405732"
        ],
        [
          "2160335023",
          "1565604283"
        ],
        [
          "2405837063",
          "2030878599"
        ],
        [
          "2405837063",
          "2160810898"
        ],
        [
          "2405837063",
          "1940919378"
        ],
        [
          "2405837063",
          "2160335023"
        ],
        [
          "2405837063",
          "1482438246"
        ],
        [
          "2405837063",
          "2342884624"
        ],
        [
          "1482438246",
          "2121046377"
        ],
        [
          "2280182784",
          "2003857056"
        ],
        [
          "2280182784",
          "2339080099"
        ],
        [
          "2280182784",
          "960004930"
        ],
        [
          "2291968027",
          "2207778397"
        ],
        [
          "2291968027",
          "2258560955"
        ],
        [
          "2291968027",
          "2255884971"
        ],
        [
          "2291968027",
          "1565604283"
        ]
      ],
      "2": [
        [
          "2052780123",
          "75249453"
        ],
        [
          "2030878599",
          "567025414"
        ],
        [
          "2030878599",
          "1005282986"
        ],
        [
          "2030878599",
          "1608645706"
        ],
        [
          "2030878599",
          "1482438246"
        ],
        [
          "2030878599",
          "1565604283"
        ],
        [
          "2030878599",
          "1927514652"
        ],
        [
          "2030878599",
          "572870755"
        ],
        [
          "1940919378",
          "2121046377"
        ],
        [
          "1940919378",
          "2068704623"
        ],
        [
          "1940919378",
          "1565604283"
        ],
        [
          "1940919378",
          "2081409643"
        ],
        [
          "2160335023",
          "2207778397"
        ],
        [
          "2160335023",
          "369185417"
        ],
        [
          "2160335023",
          "2014448405"
        ],
        [
          "2160335023",
          "2339080099"
        ],
        [
          "2160335023",
          "1486138975"
        ],
        [
          "2160335023",
          "2068822147"
        ],
        [
          "2160335023",
          "2103528847"
        ],
        [
          "2160335023",
          "1556829328"
        ],
        [
          "2405837063",
          "2121046377"
        ],
        [
          "2405837063",
          "1996825865"
        ],
        [
          "2405837063",
          "2068704623"
        ],
        [
          "2405837063",
          "2003857056"
        ],
        [
          "2405837063",
          "2068822147"
        ],
        [
          "2405837063",
          "2039405732"
        ],
        [
          "2405837063",
          "1565604283"
        ],
        [
          "2405837063",
          "2300289735"
        ],
        [
          "2405837063",
          "2250603057"
        ],
        [
          "2405837063",
          "1556829328"
        ],
        [
          "1482438246",
          "1565604283"
        ],
        [
          "1482438246",
          "172602838"
        ],
        [
          "2280182784",
          "2014448405"
        ],
        [
          "2280182784",
          "1486138975"
        ],
        [
          "2280182784",
          "2068822147"
        ],
        [
          "2280182784",
          "2300289735"
        ],
        [
          "2280182784",
          "2250603057"
        ],
        [
          "2291968027",
          "369185417"
        ],
        [
          "2291968027",
          "75249453"
        ],
        [
          "2291968027",
          "2130370251"
        ],
        [
          "2291968027",
          "1005282986"
        ],
        [
          "2291968027",
          "2039405732"
        ],
        [
          "2579845496",
          "1565604283"
        ],
        [
          "2220592892",
          "313426785"
        ],
        [
          "1416456101",
          "1005282986"
        ],
        [
          "985574361",
          "75249453"
        ]
      ],
      "3": [
        [
          "2970203224",
          "2039405732"
        ],
        [
          "2030878599",
          "2121046377"
        ],
        [
          "2030878599",
          "1504338441"
        ],
        [
          "2030878599",
          "1017297593"
        ],
        [
          "2030878599",
          "2306784411"
        ],
        [
          "1940919378",
          "1996825865"
        ],
        [
          "1940919378",
          "172602838"
        ],
        [
          "2160335023",
          "2081409643"
        ],
        [
          "2160335023",
          "2250603057"
        ],
        [
          "2405837063",
          "567025414"
        ],
        [
          "2405837063",
          "2207778397"
        ],
        [
          "2405837063",
          "369185417"
        ],
        [
          "2405837063",
          "2014448405"
        ],
        [
          "2405837063",
          "1005282986"
        ],
        [
          "2405837063",
          "1608645706"
        ],
        [
          "2405837063",
          "2339080099"
        ],
        [
          "2405837063",
          "1486138975"
        ],
        [
          "2405837063",
          "172602838"
        ],
        [
          "2405837063",
          "1927514652"
        ],
        [
          "2405837063",
          "2081409643"
        ],
        [
          "2405837063",
          "2103528847"
        ],
        [
          "2405837063",
          "572870755"
        ],
        [
          "1482438246",
          "2144618845"
        ],
        [
          "2280182784",
          "1565604283"
        ],
        [
          "2280182784",
          "2081409643"
        ],
        [
          "2291968027",
          "2489090786"
        ],
        [
          "2291968027",
          "2787871549"
        ],
        [
          "2291968027",
          "313426785"
        ],
        [
          "2291968027",
          "2500145544"
        ],
        [
          "2291968027",
          "3000560144"
        ],
        [
          "2291968027",
          "2786384607"
        ]
      ],
      "4": [
        [
          "2030878599",
          "172602838"
        ],
        [
          "1940919378",
          "1504338441"
        ],
        [
          "1940919378",
          "1017297593"
        ],
        [
          "1940919378",
          "2306784411"
        ],
        [
          "1940919378",
          "572870755"
        ],
        [
          "1940919378",
          "2144618845"
        ],
        [
          "2405837063",
          "1504338441"
        ],
        [
          "2405837063",
          "1017297593"
        ],
        [
          "2405837063",
          "2306784411"
        ],
        [
          "2405837063",
          "2144618845"
        ],
        [
          "2291968027",
          "2023334777"
        ]
      ],
      "5": [
        [
          "2030878599",
          "2144618845"
        ]
      ]
    },
    "cc": {
      "articles": {
        "2030878599_+_10.1016/j.lingua.2012.02.001": 1,
        "2030878599_+_10.1207/s15327817la82_2": 1,
        "2030878599_+_1482018153": 1,
        "2030878599_+_1573871425": 1,
        "2030878599_+_1964694672": 1,
        "2030878599_+_1996825865": 1,
        "2030878599_+_2003857056": 1,
        "2030878599_+_2005938383": 1,
        "2030878599_+_2023334777": 1,
        "2030878599_+_2036843715": 1,
        "2030878599_+_2039405732": 1,
        "2030878599_+_2068704623": 1,
        "2030878599_+_2068822147": 1,
        "2030878599_+_2069278320": 1,
        "2030878599_+_2073946513": 1,
        "2030878599_+_2085297150": 1,
        "2030878599_+_2118628890": 1,
        "2030878599_+_2121046377": 1,
        "2030878599_+_2126755207": 1,
        "2030878599_+_2160335023": 1,
        "2030878599_+_2160810898": 1,
        "2030878599_+_2302205107": 1,
        "2030878599_+_2342973216": 1,
        "2030878599_+_2405837063": 1,
        "2030878599_+_2415263707": 1,
        "2052780123_+_2073946513": 1,
        "2052780123_+_2093699953": 1,
        "2052780123_+_2280182784": 1,
        "2052780123_+_2339080099": 1,
        "2160335023_+_10.1016/j.lingua.2012.02.001": 1,
        "2160335023_+_10.1207/s15327817la82_2": 1,
        "2160335023_+_1556829328": 1,
        "2160335023_+_1573871425": 1,
        "2160335023_+_1964694672": 1,
        "2160335023_+_1996825865": 1,
        "2160335023_+_2003857056": 1,
        "2160335023_+_2005938383": 1,
        "2160335023_+_2023334777": 1,
        "2160335023_+_2030878599": 1,
        "2160335023_+_2036843715": 1,
        "2160335023_+_2039405732": 1,
        "2160335023_+_2068704623": 1,
        "2160335023_+_2068822147": 1,
        "2160335023_+_2069278320": 1,
        "2160335023_+_2073946513": 1,
        "2160335023_+_2085297150": 1,
        "2160335023_+_2118628890": 1,
        "2160335023_+_2121046377": 1,
        "2160335023_+_2126755207": 1,
        "2160335023_+_2160810898": 1,
        "2160335023_+_2209961919": 1,
        "2160335023_+_2342973216": 1,
        "2160335023_+_2405837063": 1,
        "2160335023_+_2477185311": 1,
        "2160335023_+_980900553": 1,
        "2220592892_+_156312967": 1,
        "2280182784_+_2073946513": 1,
        "2280182784_+_2093699953": 1,
        "2280182784_+_2339080099": 1,
        "2280182784_+_2342884624": 1,
        "2280182784_+_2343032986": 1,
        "2289549665_+_75249453": 1,
        "2405837063_+_10.1016/j.lingua.2012.02.001": 1,
        "2405837063_+_10.1207/s15327817la82_2": 1,
        "2405837063_+_1482018153": 1,
        "2405837063_+_1964694672": 1,
        "2405837063_+_1996825865": 1,
        "2405837063_+_2003857056": 1,
        "2405837063_+_2005938383": 1,
        "2405837063_+_2023334777": 1,
        "2405837063_+_2030878599": 1,
        "2405837063_+_2036843715": 1,
        "2405837063_+_2039405732": 1,
        "2405837063_+_2068704623": 1,
        "2405837063_+_2068822147": 1,
        "2405837063_+_2069278320": 1,
        "2405837063_+_2073946513": 1,
        "2405837063_+_2074451292": 1,
        "2405837063_+_2085297150": 1,
        "2405837063_+_2118628890": 1,
        "2405837063_+_2121046377": 1,
        "2405837063_+_2126755207": 1,
        "2405837063_+_2160335023": 1,
        "2405837063_+_2160810898": 1,
        "2405837063_+_2282328272": 1,
        "2405837063_+_2316919542": 1,
        "2405837063_+_2342973216": 1,
        "2405837063_+_2588850431": 1,
        "980900553_+_1556829328": 1,
        "980900553_+_2160335023": 1
      },
      "number": 51
    },
    "co-au": {
      "articles": [
        "1482438246",
        "1940919378",
        "2030878599",
        "2160335023",
        "2280182784",
        "2291968027",
        "2405837063",
        "980900553"
      ],
      "number": 8
    },
    "comm_nodes": 510,
    "comm_paths": {
      "1": [
        [
          "2613126237",
          "2030878599"
        ],
        [
          "2588850431",
          "2030878599"
        ],
        [
          "2316919542",
          "2030878599"
        ],
        [
          "1482018153",
          "2405837063"
        ],
        [
          "2415263707",
          "2030878599"
        ],
        [
          "2302205107",
          "2030878599"
        ],
        [
          "2302205107",
          "1940919378"
        ],
        [
          "1940919378",
          "1482438246"
        ],
        [
          "2344408881",
          "2160335023"
        ],
        [
          "2073946513",
          "2160335023"
        ],
        [
          "2405837063",
          "2030878599"
        ],
        [
          "2405837063",
          "1940919378"
        ],
        [
          "2405837063",
          "2160335023"
        ],
        [
          "2405837063",
          "1482438246"
        ],
        [
          "2282328272",
          "2030878599"
        ],
        [
          "2282328272",
          "1940919378"
        ],
        [
          "2282328272",
          "2160335023"
        ],
        [
          "2282328272",
          "2405837063"
        ],
        [
          "2093699953",
          "2052780123"
        ],
        [
          "2118628890",
          "1482438246"
        ],
        [
          "2619323284",
          "2030878599"
        ]
      ],
      "2": [
        [
          "2005938383",
          "2160335023"
        ],
        [
          "2030878599",
          "1482438246"
        ],
        [
          "2588850431",
          "2160335023"
        ],
        [
          "2588850431",
          "2405837063"
        ],
        [
          "2068569123",
          "2160335023"
        ],
        [
          "2036843715",
          "2160335023"
        ],
        [
          "1482018153",
          "2030878599"
        ],
        [
          "1482018153",
          "1940919378"
        ],
        [
          "1482018153",
          "2160335023"
        ],
        [
          "1482018153",
          "1482438246"
        ],
        [
          "2302205107",
          "1482438246"
        ],
        [
          "2344408881",
          "2280182784"
        ],
        [
          "1573871425",
          "1482438246"
        ],
        [
          "2209961919",
          "2160335023"
        ],
        [
          "2282328272",
          "1482438246"
        ],
        [
          "1894854907",
          "2160335023"
        ],
        [
          "1894854907",
          "2280182784"
        ],
        [
          "2093699953",
          "2160335023"
        ]
      ],
      "3": [
        [
          "2758067731",
          "2160335023"
        ],
        [
          "2613126237",
          "1482438246"
        ],
        [
          "2588850431",
          "1940919378"
        ],
        [
          "2588850431",
          "1482438246"
        ],
        [
          "2316919542",
          "1482438246"
        ],
        [
          "2415263707",
          "1482438246"
        ],
        [
          "2344408881",
          "1482438246"
        ],
        [
          "2093699953",
          "2271680237"
        ],
        [
          "2093699953",
          "2278854657"
        ],
        [
          "2093699953",
          "2289549665"
        ],
        [
          "2093699953",
          "2277062185"
        ],
        [
          "2619323284",
          "1482438246"
        ]
      ]
    },
    "other": {
      "cand_other": 474,
      "comm_other": 3884,
      "other_cand": 163,
      "other_comm": 2168
    },
    "other_nodes": 4308
  }
}